<?xml version="1.0" encoding="UTF-8"?>
<GenRun Id="impl_1" LaunchPart="xc7a35tcpg236-1" LaunchTime="1570740921">
  <File Type="ROUTE-PWR" Name="carryAdder_power_routed.rpt"/>
  <File Type="PA-TCL" Name="carryAdder.tcl"/>
  <File Type="BITSTR-BMM" Name="carryAdder_bd.bmm"/>
  <File Type="ROUTE-PWR-SUM" Name="carryAdder_power_summary_routed.pb"/>
  <File Type="REPORTS-TCL" Name="carryAdder_reports.tcl"/>
  <File Type="OPT-DCP" Name="carryAdder_opt.dcp"/>
  <File Type="OPT-DRC" Name="carryAdder_drc_opted.rpt"/>
  <File Type="OPT-HWDEF" Name="carryAdder.hwdef"/>
  <File Type="PWROPT-DCP" Name="carryAdder_pwropt.dcp"/>
  <File Type="PLACE-DCP" Name="carryAdder_placed.dcp"/>
  <File Type="PLACE-IO" Name="carryAdder_io_placed.rpt"/>
  <File Type="PLACE-UTIL" Name="carryAdder_utilization_placed.rpt"/>
  <File Type="PLACE-UTIL-PB" Name="carryAdder_utilization_placed.pb"/>
  <File Type="PLACE-CTRL" Name="carryAdder_control_sets_placed.rpt"/>
  <File Type="PLACE-PRE-SIMILARITY" Name="carryAdder_incremental_reuse_pre_placed.rpt"/>
  <File Type="BG-BGN" Name="carryAdder.bgn"/>
  <File Type="POSTPLACE-PWROPT-DCP" Name="carryAdder_postplace_pwropt.dcp"/>
  <File Type="BG-BIN" Name="carryAdder.bin"/>
  <File Type="PHYSOPT-DCP" Name="carryAdder_physopt.dcp"/>
  <File Type="BITSTR-MSK" Name="carryAdder.msk"/>
  <File Type="ROUTE-ERROR-DCP" Name="carryAdder_routed_error.dcp"/>
  <File Type="ROUTE-DCP" Name="carryAdder_routed.dcp"/>
  <File Type="ROUTE-BLACKBOX-DCP" Name="carryAdder_routed_bb.dcp"/>
  <File Type="ROUTE-DRC" Name="carryAdder_drc_routed.rpt"/>
  <File Type="ROUTE-DRC-PB" Name="carryAdder_drc_routed.pb"/>
  <File Type="ROUTE-DRC-RPX" Name="carryAdder_drc_routed.rpx"/>
  <File Type="BITSTR-LTX" Name="carryAdder.ltx"/>
  <File Type="ROUTE-METHODOLOGY-DRC" Name="carryAdder_methodology_drc_routed.rpt"/>
  <File Type="BITSTR-MMI" Name="carryAdder.mmi"/>
  <File Type="ROUTE-METHODOLOGY-DRC-RPX" Name="carryAdder_methodology_drc_routed.rpx"/>
  <File Type="ROUTE-METHODOLOGY-DRC-PB" Name="carryAdder_methodology_drc_routed.pb"/>
  <File Type="BITSTR-SYSDEF" Name="carryAdder.sysdef"/>
  <File Type="ROUTE-PWR-RPX" Name="carryAdder_power_routed.rpx"/>
  <File Type="ROUTE-STATUS" Name="carryAdder_route_status.rpt"/>
  <File Type="ROUTE-STATUS-PB" Name="carryAdder_route_status.pb"/>
  <File Type="ROUTE-TIMINGSUMMARY" Name="carryAdder_timing_summary_routed.rpt"/>
  <File Type="ROUTE-TIMING-PB" Name="carryAdder_timing_summary_routed.pb"/>
  <File Type="ROUTE-TIMING-RPX" Name="carryAdder_timing_summary_routed.rpx"/>
  <File Type="ROUTE-CLK" Name="carryAdder_clock_utilization_routed.rpt"/>
  <File Type="ROUTE-BUS-SKEW" Name="carryAdder_bus_skew_routed.rpt"/>
  <File Type="ROUTE-BUS-SKEW-PB" Name="carryAdder_bus_skew_routed.pb"/>
  <File Type="ROUTE-BUS-SKEW-RPX" Name="carryAdder_bus_skew_routed.rpx"/>
  <File Type="POSTROUTE-PHYSOPT-DCP" Name="carryAdder_postroute_physopt.dcp"/>
  <File Type="POSTROUTE-PHYSOPT-BLACKBOX-DCP" Name="carryAdder_postroute_physopt_bb.dcp"/>
  <File Type="BG-BIT" Name="carryAdder.bit"/>
  <File Type="BITSTR-RBT" Name="carryAdder.rbt"/>
  <File Type="BITSTR-NKY" Name="carryAdder.nky"/>
  <File Type="BG-DRC" Name="carryAdder.drc"/>
  <File Type="RDI-RDI" Name="carryAdder.vdi"/>
  <File Type="WBT-USG" Name="usage_statistics_webtalk.html"/>
  <FileSet Name="sources" Type="DesignSrcs" RelSrcDir="$PSRCDIR/sources_1">
    <Filter Type="Srcs"/>
    <File Path="$PSRCDIR/sources_1/new/fullAdder.v">
      <FileInfo>
        <Attr Name="ImportPath" Val="$PPRDIR/../../../../Lab2.srcs/sources_1/new/fullAdder.v"/>
        <Attr Name="ImportTime" Val="1570740734"/>
        <Attr Name="UsedIn" Val="synthesis"/>
        <Attr Name="UsedIn" Val="implementation"/>
        <Attr Name="UsedIn" Val="simulation"/>
      </FileInfo>
    </File>
    <File Path="$PSRCDIR/sources_1/new/sevenSeg.v">
      <FileInfo>
        <Attr Name="ImportPath" Val="$PPRDIR/../../../../Lab2.srcs/sources_1/new/sevenSeg.v"/>
        <Attr Name="ImportTime" Val="1570659252"/>
        <Attr Name="UsedIn" Val="synthesis"/>
        <Attr Name="UsedIn" Val="implementation"/>
        <Attr Name="UsedIn" Val="simulation"/>
      </FileInfo>
    </File>
    <File Path="$PSRCDIR/sources_1/new/carryAdder.v">
      <FileInfo>
        <Attr Name="ImportPath" Val="$PPRDIR/../../../../Lab2.srcs/sources_1/new/carryAdder.v"/>
        <Attr Name="ImportTime" Val="1570654992"/>
        <Attr Name="UsedIn" Val="synthesis"/>
        <Attr Name="UsedIn" Val="implementation"/>
        <Attr Name="UsedIn" Val="simulation"/>
      </FileInfo>
    </File>
    <Config>
      <Option Name="DesignMode" Val="RTL"/>
      <Option Name="TopModule" Val="carryAdder"/>
    </Config>
  </FileSet>
  <FileSet Name="constrs_in" Type="Constrs" RelSrcDir="$PSRCDIR/constrs_1">
    <Filter Type="Constrs"/>
    <File Path="$PSRCDIR/constrs_1/imports/Lab 1/Basys3_Master.xdc">
      <FileInfo>
        <Attr Name="ImportPath" Val="$PPRDIR/../../../../../../Lab 1/Basys3_Master.xdc"/>
        <Attr Name="ImportTime" Val="1570658302"/>
        <Attr Name="UsedIn" Val="synthesis"/>
        <Attr Name="UsedIn" Val="implementation"/>
      </FileInfo>
    </File>
    <Config>
      <Option Name="ConstrsType" Val="XDC"/>
    </Config>
  </FileSet>
  <FileSet Name="utils" Type="Utils" RelSrcDir="$PSRCDIR/utils_1">
    <Filter Type="Utils"/>
    <Config>
      <Option Name="TopAutoSet" Val="TRUE"/>
    </Config>
  </FileSet>
  <Strategy Version="1" Minor="2">
    <StratHandle Name="Vivado Implementation Defaults" Flow="Vivado Implementation 2019"/>
    <Step Id="init_design"/>
    <Step Id="opt_design"/>
    <Step Id="power_opt_design"/>
    <Step Id="place_design"/>
    <Step Id="post_place_power_opt_design"/>
    <Step Id="phys_opt_design"/>
    <Step Id="route_design"/>
    <Step Id="post_route_phys_opt_design"/>
    <Step Id="write_bitstream"/>
  </Strategy>
</GenRun>
